D:\Utilities\Noesis\Exports\HuMa\weapon\Mh_Avengers\SK_HuMa_Mh_Avengers.fbx,D:\Utilities\UEImports\HuMa\weapon\SK_HuMa_Mh_Avengers.fbx
D:\Utilities\Noesis\Exports\HuMa\weapon\Mh_BattleAxe\SK_HuMa_Mh_BattleAxe.fbx,D:\Utilities\UEImports\HuMa\weapon\SK_HuMa_Mh_BattleAxe.fbx
D:\Utilities\Noesis\Exports\HuMa\weapon\Mh_Bilbo\SK_HuMa_Mh_Bilbo.fbx,D:\Utilities\UEImports\HuMa\weapon\SK_HuMa_Mh_Bilbo.fbx
D:\Utilities\Noesis\Exports\HuMa\weapon\Mh_BrassAxe\SK_HuMa_Mh_BrassAxe.fbx,D:\Utilities\UEImports\HuMa\weapon\SK_HuMa_Mh_BrassAxe.fbx
D:\Utilities\Noesis\Exports\HuMa\weapon\Mh_BronzeAxe\SK_HuMa_Mh_BronzeAxe.fbx,D:\Utilities\UEImports\HuMa\weapon\SK_HuMa_Mh_BronzeAxe.fbx
D:\Utilities\Noesis\Exports\HuMa\weapon\Mh_ButterflyAxe\SK_HuMa_Mh_ButterflyAxe.fbx,D:\Utilities\UEImports\HuMa\weapon\SK_HuMa_Mh_ButterflyAxe.fbx
D:\Utilities\Noesis\Exports\HuMa\weapon\Mh_Buzdygan\SK_HuMa_Mh_Buzdygan.fbx,D:\Utilities\UEImports\HuMa\weapon\SK_HuMa_Mh_Buzdygan.fbx
D:\Utilities\Noesis\Exports\HuMa\weapon\Mh_CenturionsAxe\SK_HuMa_Mh_CenturionsAxe.fbx,D:\Utilities\UEImports\HuMa\weapon\SK_HuMa_Mh_CenturionsAxe.fbx
D:\Utilities\Noesis\Exports\HuMa\weapon\Mh_ChocoboWand\SK_HuMa_Mh_ChocoboWand.fbx,D:\Utilities\UEImports\HuMa\weapon\SK_HuMa_Mh_ChocoboWand.fbx
D:\Utilities\Noesis\Exports\HuMa\weapon\Mh_Claymore\SK_HuMa_Mh_Claymore.fbx,D:\Utilities\UEImports\HuMa\weapon\SK_HuMa_Mh_Claymore.fbx
D:\Utilities\Noesis\Exports\HuMa\weapon\Mh_Colichemarde\SK_HuMa_Mh_Colichemarde.fbx,D:\Utilities\UEImports\HuMa\weapon\SK_HuMa_Mh_Colichemarde.fbx
D:\Utilities\Noesis\Exports\HuMa\weapon\Mh_DarksteelBaselard\SK_HuMa_Mh_DarksteelBaselard.fbx,D:\Utilities\UEImports\HuMa\weapon\SK_HuMa_Mh_DarksteelBaselard.fbx
D:\Utilities\Noesis\Exports\HuMa\weapon\Mh_DarksteelClaymore\SK_HuMa_Mh_DarksteelClaymore.fbx,D:\Utilities\UEImports\HuMa\weapon\SK_HuMa_Mh_DarksteelClaymore.fbx
D:\Utilities\Noesis\Exports\HuMa\weapon\Mh_DarkSteelKatars\SK_HuMa_Mh_DarkSteelKatars.fbx,D:\Utilities\UEImports\HuMa\weapon\SK_HuMa_Mh_DarkSteelKatars.fbx
D:\Utilities\Noesis\Exports\HuMa\weapon\Mh_DarksteelScythe\SK_HuMa_Mh_DarksteelScythe.fbx,D:\Utilities\UEImports\HuMa\weapon\SK_HuMa_Mh_DarksteelScythe.fbx
D:\Utilities\Noesis\Exports\HuMa\weapon\Mh_ElmStaff\SK_HuMa_Mh_ElmStaff.fbx,D:\Utilities\UEImports\HuMa\weapon\SK_HuMa_Mh_ElmStaff.fbx
D:\Utilities\Noesis\Exports\HuMa\weapon\Mh_Fudo\SK_HuMa_Mh_Fudo.fbx,D:\Utilities\UEImports\HuMa\weapon\SK_HuMa_Mh_Fudo.fbx
D:\Utilities\Noesis\Exports\HuMa\weapon\Mh_Halberd\SK_HuMa_Mh_Halberd.fbx,D:\Utilities\UEImports\HuMa\weapon\SK_HuMa_Mh_Halberd.fbx
D:\Utilities\Noesis\Exports\HuMa\weapon\Mh_HeavyAxe\SK_HuMa_Mh_HeavyAxe.fbx,D:\Utilities\UEImports\HuMa\weapon\SK_HuMa_Mh_HeavyAxe.fbx
D:\Utilities\Noesis\Exports\HuMa\weapon\Mh_Katars\SK_HuMa_Mh_Katars.fbx,D:\Utilities\UEImports\HuMa\weapon\SK_HuMa_Mh_Katars.fbx
D:\Utilities\Noesis\Exports\HuMa\weapon\Mh_Kodachi\SK_HuMa_Mh_Kodachi.fbx,D:\Utilities\UEImports\HuMa\weapon\SK_HuMa_Mh_Kodachi.fbx
D:\Utilities\Noesis\Exports\HuMa\weapon\Mh_MahoganyStaff\SK_HuMa_Mh_MahoganyStaff.fbx,D:\Utilities\UEImports\HuMa\weapon\SK_HuMa_Mh_MahoganyStaff.fbx
D:\Utilities\Noesis\Exports\HuMa\weapon\Mh_Mikazuki\SK_HuMa_Mh_Mikazuki.fbx,D:\Utilities\UEImports\HuMa\weapon\SK_HuMa_Mh_Mikazuki.fbx
D:\Utilities\Noesis\Exports\HuMa\weapon\Mh_Misericorde\SK_HuMa_Mh_Misericorde.fbx,D:\Utilities\UEImports\HuMa\weapon\SK_HuMa_Mh_Misericorde.fbx
D:\Utilities\Noesis\Exports\HuMa\weapon\Mh_MythrilScythe\SK_HuMa_Mh_MythrilScythe.fbx,D:\Utilities\UEImports\HuMa\weapon\SK_HuMa_Mh_MythrilScythe.fbx
D:\Utilities\Noesis\Exports\HuMa\weapon\Mh_Nukemaru\SK_HuMa_Mh_Nukemaru.fbx,D:\Utilities\UEImports\HuMa\weapon\SK_HuMa_Mh_Nukemaru.fbx
D:\Utilities\Noesis\Exports\HuMa\weapon\Mh_OakCudgel\SK_HuMa_Mh_OakCudgel.fbx,D:\Utilities\UEImports\HuMa\weapon\SK_HuMa_Mh_OakCudgel.fbx
D:\Utilities\Noesis\Exports\HuMa\weapon\Mh_OxTongue\SK_HuMa_Mh_OxTongue.fbx,D:\Utilities\UEImports\HuMa\weapon\SK_HuMa_Mh_OxTongue.fbx
D:\Utilities\Noesis\Exports\HuMa\weapon\Mh_Partisan\SK_HuMa_Mh_Partisan.fbx,D:\Utilities\UEImports\HuMa\weapon\SK_HuMa_Mh_Partisan.fbx
D:\Utilities\Noesis\Exports\HuMa\weapon\Mh_RCGSword\SK_HuMa_Mh_RCGSword.fbx,D:\Utilities\UEImports\HuMa\weapon\SK_HuMa_Mh_RCGSword.fbx
D:\Utilities\Noesis\Exports\HuMa\weapon\Mh_Scythe\SK_HuMa_Mh_Scythe.fbx,D:\Utilities\UEImports\HuMa\weapon\SK_HuMa_Mh_Scythe.fbx
D:\Utilities\Noesis\Exports\HuMa\weapon\Mh_SmallSword\SK_HuMa_Mh_SmallSword.fbx,D:\Utilities\UEImports\HuMa\weapon\SK_HuMa_Mh_SmallSword.fbx
D:\Utilities\Noesis\Exports\HuMa\weapon\Mh_SpikedClub\SK_HuMa_Mh_SpikedClub.fbx,D:\Utilities\UEImports\HuMa\weapon\SK_HuMa_Mh_SpikedClub.fbx
D:\Utilities\Noesis\Exports\HuMa\weapon\Mh_Tachi\SK_HuMa_Mh_Tachi.fbx,D:\Utilities\UEImports\HuMa\weapon\SK_HuMa_Mh_Tachi.fbx
D:\Utilities\Noesis\Exports\HuMa\weapon\Mh_ValiantKnife\SK_HuMa_Mh_ValiantKnife.fbx,D:\Utilities\UEImports\HuMa\weapon\SK_HuMa_Mh_ValiantKnife.fbx
D:\Utilities\Noesis\Exports\HuMa\weapon\Mh_Wakizashi\SK_HuMa_Mh_Wakizashi.fbx,D:\Utilities\UEImports\HuMa\weapon\SK_HuMa_Mh_Wakizashi.fbx
D:\Utilities\Noesis\Exports\HuMa\weapon\Ra_EbonyHarp\SK_HuMa_Ra_EbonyHarp.fbx,D:\Utilities\UEImports\HuMa\weapon\SK_HuMa_Ra_EbonyHarp.fbx
D:\Utilities\Noesis\Exports\HuMa\weapon\Ra_FlameBoomerang\SK_HuMa_Ra_FlameBoomerang.fbx,D:\Utilities\UEImports\HuMa\weapon\SK_HuMa_Ra_FlameBoomerang.fbx
D:\Utilities\Noesis\Exports\HuMa\weapon\Ra_Gendawa\SK_HuMa_Ra_Gendawa.fbx,D:\Utilities\UEImports\HuMa\weapon\SK_HuMa_Ra_Gendawa.fbx
D:\Utilities\Noesis\Exports\HuMa\weapon\Ra_HeavyCrossbow\SK_HuMa_Ra_HeavyCrossbow.fbx,D:\Utilities\UEImports\HuMa\weapon\SK_HuMa_Ra_HeavyCrossbow.fbx
D:\Utilities\Noesis\Exports\HuMa\weapon\Ra_MatreBell\SK_HuMa_Ra_MatreBell.fbx,D:\Utilities\UEImports\HuMa\weapon\SK_HuMa_Ra_MatreBell.fbx
D:\Utilities\Noesis\Exports\HuMa\weapon\Ra_Traversiere\SK_HuMa_Ra_Traversiere.fbx,D:\Utilities\UEImports\HuMa\weapon\SK_HuMa_Ra_Traversiere.fbx
D:\Utilities\Noesis\Exports\HuMa\weapon\Sh_Avengers\SK_HuMa_Sh_Avengers.fbx,D:\Utilities\UEImports\HuMa\weapon\SK_HuMa_Sh_Avengers.fbx
D:\Utilities\Noesis\Exports\HuMa\weapon\Sh_Bilbo\SK_HuMa_Sh_Bilbo.fbx,D:\Utilities\UEImports\HuMa\weapon\SK_HuMa_Sh_Bilbo.fbx
D:\Utilities\Noesis\Exports\HuMa\weapon\Sh_BronzeAxe\SK_HuMa_Sh_BronzeAxe.fbx,D:\Utilities\UEImports\HuMa\weapon\SK_HuMa_Sh_BronzeAxe.fbx
D:\Utilities\Noesis\Exports\HuMa\weapon\Sh_Buzdygan\SK_HuMa_Sh_Buzdygan.fbx,D:\Utilities\UEImports\HuMa\weapon\SK_HuMa_Sh_Buzdygan.fbx
D:\Utilities\Noesis\Exports\HuMa\weapon\Sh_ChocoboWand\SK_HuMa_Sh_ChocoboWand.fbx,D:\Utilities\UEImports\HuMa\weapon\SK_HuMa_Sh_ChocoboWand.fbx
D:\Utilities\Noesis\Exports\HuMa\weapon\Sh_Colichemarde\SK_HuMa_Sh_Colichemarde.fbx,D:\Utilities\UEImports\HuMa\weapon\SK_HuMa_Sh_Colichemarde.fbx
D:\Utilities\Noesis\Exports\HuMa\weapon\Sh_DarksteelAxe\SK_HuMa_Sh_DarksteelAxe.fbx,D:\Utilities\UEImports\HuMa\weapon\SK_HuMa_Sh_DarksteelAxe.fbx
D:\Utilities\Noesis\Exports\HuMa\weapon\Sh_DarksteelBaselard\SK_HuMa_Sh_DarksteelBaselard.fbx,D:\Utilities\UEImports\HuMa\weapon\SK_HuMa_Sh_DarksteelBaselard.fbx
D:\Utilities\Noesis\Exports\HuMa\weapon\Sh_DarksteelKatars\SK_HuMa_Sh_DarksteelKatars.fbx,D:\Utilities\UEImports\HuMa\weapon\SK_HuMa_Sh_DarksteelKatars.fbx
D:\Utilities\Noesis\Exports\HuMa\weapon\Sh_DarksteelShield\SK_HuMa_Sh_DarksteelShield.fbx,D:\Utilities\UEImports\HuMa\weapon\SK_HuMa_Sh_DarksteelShield.fbx
D:\Utilities\Noesis\Exports\HuMa\weapon\Sh_Fudo\SK_HuMa_Sh_Fudo.fbx,D:\Utilities\UEImports\HuMa\weapon\SK_HuMa_Sh_Fudo.fbx
D:\Utilities\Noesis\Exports\HuMa\weapon\Sh_Ganko\SK_HuMa_Sh_Ganko.fbx,D:\Utilities\UEImports\HuMa\weapon\SK_HuMa_Sh_Ganko.fbx
D:\Utilities\Noesis\Exports\HuMa\weapon\Sh_Kabutowari\SK_HuMa_Sh_Kabutowari.fbx,D:\Utilities\UEImports\HuMa\weapon\SK_HuMa_Sh_Kabutowari.fbx
D:\Utilities\Noesis\Exports\HuMa\weapon\Sh_Katars\SK_HuMa_Sh_Katars.fbx,D:\Utilities\UEImports\HuMa\weapon\SK_HuMa_Sh_Katars.fbx
D:\Utilities\Noesis\Exports\HuMa\weapon\Sh_Misericorde\SK_HuMa_Sh_Misericorde.fbx,D:\Utilities\UEImports\HuMa\weapon\SK_HuMa_Sh_Misericorde.fbx
D:\Utilities\Noesis\Exports\HuMa\weapon\Sh_OakCudgel\SK_HuMa_Sh_OakCudgel.fbx,D:\Utilities\UEImports\HuMa\weapon\SK_HuMa_Sh_OakCudgel.fbx
D:\Utilities\Noesis\Exports\HuMa\weapon\Sh_RoyalKnArmyShield\SK_HuMa_Sh_RoyalKnArmyShield.fbx,D:\Utilities\UEImports\HuMa\weapon\SK_HuMa_Sh_RoyalKnArmyShield.fbx
D:\Utilities\Noesis\Exports\HuMa\weapon\Sh_Scutum\SK_HuMa_Sh_Scutum.fbx,D:\Utilities\UEImports\HuMa\weapon\SK_HuMa_Sh_Scutum.fbx
D:\Utilities\Noesis\Exports\HuMa\weapon\Sh_SmallSword\SK_HuMa_Sh_SmallSword.fbx,D:\Utilities\UEImports\HuMa\weapon\SK_HuMa_Sh_SmallSword.fbx
D:\Utilities\Noesis\Exports\HuMa\weapon\Sh_Tabarzin\SK_HuMa_Sh_Tabarzin.fbx,D:\Utilities\UEImports\HuMa\weapon\SK_HuMa_Sh_Tabarzin.fbx
D:\Utilities\Noesis\Exports\HuMa\weapon\Sh_ValiantKnife\SK_HuMa_Sh_ValiantKnife.fbx,D:\Utilities\UEImports\HuMa\weapon\SK_HuMa_Sh_ValiantKnife.fbx
